Entry	Domain	Domain Sequence	Start	End	candidateSequence
P48059	LIM zinc-binding	CERCKGGFAPAEKIVNSNGELYHEQCFVCAQCFQQFPEGLFYEFEGRKYCEHD	10	62	Aromatic-driven
P48059	LIM zinc-binding	CFHCNRVIEGDVVSALNKAWCVNCFACSTCNTKLTLKNKFVEFDMKPVCKKC	252	303	Aromatic-driven
Q92496	Sushi	EVKPCDFPEIQHGGLYYKSLRRLYFPAAAGQSYSYYCDQNFVTPSGSYWDYIHCTQDGWSPTVPCL	20	85	Aromatic-driven
P15498	SH3	KYFGTAKARYDFCARDRSELSLKEGDIIKILNKKGQQGWWRGEIYGRVGWFPANYVEEDYS	782	842	Both
P22891	Gla	AGSYLLEELFEGNLEKECYEEICVYEEAREVFENEVVTDEFWRRYK	41	86	Both
Q9Y6L7	EGF-like 2; calcium-binding	DKDECAKDNGGCQHECVNTFGSYLCRCRNGYWLHENGHDCK	732	772	Both
Q5DT21	Kazal-like	TKQMVDCSHYKKLPPGQQRFCHHMYDPICGSDGKTYKNDCFFCSKVKKTDGTLKFVHFGKC	26	86	Both
O43897	EGF-like 2; calcium-binding	DKDECSKDNGGCQHECVNTMGSYMCQCRNGFVLHDNKHDCK	730	770	Charge-driven
O95631	Laminin EGF-like	CNCNLHARRCRFNMELYKLSGRKSGGVCLNCRHNTAGRHCHYCKEGYYRDMGKPITHRKACKA	341	403	Charge-driven
O95631	Laminin EGF-like	CDCHPVGAAGKTCNQTTGQCPCKDGVTGITCNRCAKGYQQSRSPIAPCIK	404	453	Charge-driven
Q13619	Cullin neddylation	DRQYQIDAAIVRIMKMRKTLGHNLLVSELYNQLKFPVKPGDLKKRIESLIDRDYMERDKDN	691	751	Charge-driven
Q13643	LIM zinc-binding	CAECQQLIGHDSRELFYEDRHFHEGCFRCCRCQRSLADEPFTCQDSELLCNDC	40	92	Charge-driven
Q13643	LIM zinc-binding	CARCSKTLTQGGVTYRDQPWHRECLVCTGCQTPLAGQQFTSRDEDPYCVAC	162	212	Charge-driven
Q13643	LIM zinc-binding	CSSCKRPIVGLGGGKYVSFEDRHWHHNCFSCARCSTSLVGQGFVPDGDQVLCQGC	221	275	Charge-driven
Q13882	SH	HLGPKYVGLWDFKSRTDEELSFRAGDVFHVARKEEQWWWATLLDEAGGAVAQGYVPHNYLAERET	8	72	Charge-driven
Q14192	LIM zinc-binding	CEECGKPIGCDCKDLSYKDRHWHEACFHCSQCRNSLVDKPFAAKEDQLLCTDC	40	92	Charge-driven
Q14192	LIM zinc-binding	CQECKKTIMPGTRKMEYKGSSWHETCFICHRCQQPIGTKSFIPKDNQNFCVPC	101	153	Charge-driven
Q14192	LIM zinc-binding	CVQCKKPITTGGVTYREQPWHKECFVCTACRKQLSGQRFTARDDFAYCLNC	162	212	Charge-driven
Q14192	LIM zinc-binding	CAGCTNPISGLGGTKYISFEERQWHNDCFNCKKCSLSLVGRGFLTERDDILCPDC	221	275	Charge-driven
Q16820	EGF-like	VQDLCSKTTCKNDGVCTVRDGKAECRCQSGEDWWYMGERCE	604	644	Charge-driven
Q5K651	SAM	WTKEDVNQWLESHKIDQKHREILTEQDVNGAVLKWLKKEHLVDMGITHGPAIQIEELFKELRKTA	14	78	Charge-driven
Q96BP2	CHCH	EATCITEMSVMMACWKQNEFRDDACRKEIQGFLDCAARAQEAR	42	84	Charge-driven
Q96DA6	J	EAALILGVSPTANKGKIRDAHRRIMLLNHPDKGGSPYIAAKINEAKDLLEGQAKK	62	116	Charge-driven
Q9H2K2	SAM	GVDFSITQFVRNLGLEHLMDIFEREQITLDVLVEMGHKELKEIGINAYGHRHKLIKGVERLISG	873	936	Charge-driven
Q9UJW2	SMB	NFGCCEDRDDGCVTEFYAANALCYCDKFCDRENSDCCPDYKSFCREEKE	59	107	Charge-driven
O75391	R3H	VEFRKRMEKEVSDFIQDSGQIKKKFQPMNKIERSILHDVVEVAGLTSFSFGEDDDCRYVMIFKK	46	109	Charge-driven
Q8N9V3	SAM	WSEEDVSTWLCAQDLKDLVGIFKMNNIDGKELLNLTKESLADDLKIESLGLRSKVLRKIEELRTK	332	396	Charge-driven
A6NDV4	EGF-like	FLSPCVDDCGPYGQCKLLRTHNYLYAACECKAGWRGWGCT	182	221	Neither
A6NHX0	ACT	ELWKMVRIGGQPLGFDECGIVAQISEPLAAADIPAYYISTFKFDHALVPEENINGVISALK	262	322	Neither
F5H094	Kazal-like	DVPLSYCNSECNCDESQWEPVCGNNGITYLSPCLAGCKSSSGNKEPIVFYNCSCVE	453	508	Neither
O00160	SH	THGPRCRALYQYVGQDVDELSFNVNEVIEILMEDPSGWWKGRLHGQEGLFPGNYVEKI	1041	1098	Neither
O00217	4Fe-4S ferredoxin-type	RRYPSGEERCIACKLCEAICPAQAITIEAE	102	131	Neither
O00244	HMA	MPKHEFSVDMTCGGCAEAVSRVLNKLGGVKYDIDLPNKKVCIESEHSMDTLLATLKKTGKTVS	1	63	Neither
O14618	HMA	LCTLEFAVQMTCQSCVDAVRKSLQGVAGVQDVEVHLEDQMVLVHTTLPSQEVQALLEGTGRQAV	11	74	Neither
O14638	SMB	KQGSCRKKCFDASFRGLENCRCDVACKDRGDCCWDFEDTCVEST	50	93	Neither
O14638	SMB	RIWMCNKFRCGETRLEASLCSCSDDCLQRKDCCADYKSVCQGETS	94	138	Neither
O14815	EF-hand	EEEQRFRALFEQVAGEDMEVTAEELEYVLNAVLQK	518	552	Neither
O14815	EF-hand	DKLKQWINLFLRFDADKSGTMSTYELRTALKAAGFQ	591	626	Neither
O14829	EF-hand	RYRSDLEIIFNAIDTDHSGLISVEEFRAMWKLFSSH	566	601	Neither
O14910	L	LDRDVARAIELLEKLQESGEVPVHKLQSLKKVLQSEFCTAIREVYQYMHETITVNG	25	80	Neither
O14950	EF-hand	DPEDVIRNAFACFDEEATGTIQEDYLRELLTTMGDR	98	133	Neither
O15182	EF-hand	EQKQEIKDAFELFDTDKDEAIDYHELKVAMRALGFD	25	60	Neither
O15182	EF-hand	VKKADVLKILKDYDREATGKITFEDFNEVVTDWILE	61	96	Neither
O15182	EF-hand	DPHEEILKAFKLFDDDDSGKISLRNLRRVARELGEN	98	133	Neither
O15182	EF-hand	MSDEELRAMIEEFDKDGDGEINQEEFIAIMTGDI	134	167	Neither
O15197	SAM	PCLDSPQAWLSAIGLECYQDNFSKFGLCTFSDVAQLSLEDLPALGITLAGHQKKLLHHIQLLQQH	948	1012	Neither
O43291	BPTI/Kunitz inhibitor	CLVSKVVGRCRASMPRWWYNVTDGSCQLFVYGGCDGNSNNYLTKEECLKKC	38	88	Neither
O43307	SH	DSIVSAEAVWDHVTMANRELAFKAGDVIKVLDASNKDWWWGQIDDEEGWFPASFVRLWVN	8	67	Neither
O43463	Chromo	FEVEYLCDYKKIREQEYYLVKWRGYPDSESTWEPRQNLKCVRILKQFHKDLERELLRRH	43	101	Neither
O43463	Post-SET	VRIECKCGTESCRKYLF	396	412	Neither
O43715	CHCH	GEACTDMKREYDQCFNRWFAEKFLKGDSSGDPCTDLFKRYQQCVQKAIKEK	5	55	Neither
O43795	IQ	KKSQIVIAAWYRRYAQQKRYQ	728	748	Neither
O43795	IQ	CKEAVTTIAAYWHGTQARRELRRLKEEARN	779	808	Neither
O43920	CHCH	AGRCHAFEKEWIECAHGIGYTRAEKECKIEYDDFVECLLRQKTMR	30	74	Neither
O60884	J	KLYDILGVPPGASENELKKAYRKLAKEYHPDKNPNAGDKFKEISFAYEVLSNPEKRELYDRYG	8	70	Neither
O60907	LisH	TSDEVNFLVYRYLQESGFSHSAFTFGIESHISQ	55	87	Neither
O60907	F-box-like	GTLVPPAALISILQKGLQYVEAEISINEDGTVFDGRPIESLSLIDA	92	137	Neither
O75340	EF-hand	PDQSFLWNVFQRVDKDRSGVISDTELQQALSNGTWT	23	58	Neither
O75340	EF-hand	KYITDWQNVFRTYDRDNSGMIDKNELKQALSGFGYR	90	125	Neither
O75340	EF-hand	LSDQFHDILIRKFDRQGRGQIAFDDFIQGCIVLQRL	126	161	Neither
O75340	EF-hand	TDIFRRYDTDQDGWIQVSYEQYLSMVFSIV	162	191	Neither
O75478	SANT	VLDPSWTAQEEMALLEAVMDCGFGNWQDVANQMCTKTKEECEKHYMKHFINNP	70	122	Neither
O75531	HhH	VGSLAGIGEVLGKKLE	20	35	Neither
O75746	EF-hand	APDSMFIVAFQLFDKSGNGEVTFENVKEIFGQTIIH	86	121	Neither
O75838	EF-hand	PRELKANYAFKIYDFNTDNFICKEDLELTLARLTKS	103	138	Neither
O95199	BTB	ADLKFLVDGKYIYAHKVLLKIRCEHFRSSLEDNEDDIVEMSEFSYPVYRAFLEYLYTDSISLSP	394	457	Neither
O95631	Laminin EGF-like	CKCNGHAARCVRDRDDSLVCDCRHNTAGPECDRCKPFHYDRPWQRATAREANECVA	285	340	Neither
O95843	EF-hand	KANKHIDQVYNTFDTNKDGFVDFLEFIAAVNLIMQE	52	87	Neither
O95843	EF-hand	KMEQKLKWYFKLYDADGNGSIDKNELLDMFMAVQAL	88	123	Neither
O95843	EF-hand	SPEEFINLVFHKIDINNDGELTLEEFINGMAKDQDL	130	165	Neither
O95925	WAP	DWLFPRRCPKIREECEFQERDVCTKDRQCQDNKKCCVFSCGKKCLDLK	26	73	Neither
O95965	I-EGF	CHEWVCETYDGSTCAGHGKCDCGKCKCDQGWYGDACQ	91	127	Neither
O95965	I-EGF	CDLTKKKSNQMCKNSQDIICSNAGTCHCGRCKCDNSDGSGLVYGKFCE	132	179	Neither
O95965	I-EGF	CDDRECIDDETEEICGGHGKCYCGNCYCKAGWHGDKCE	180	217	Neither
O95965	I-EGF	CDERDCRAVYDRYSDDFCSGHGQCNCGRCDCKAGWYGKKCE	271	311	Neither
O95965	I-EGF	CTLSAEESIRKCQGSSDLPCSGRGKCECGKCTCYPPGDRRVYGKTCE	316	362	Neither
O95965	I-EGF	CDDRRCEDLDGVVCGGHGTCSCGRCVCERGWFGKLCQ	363	399	Neither
O95965	I-EGF	CNMTEEQSKNLCESADGILCSGKGSCHCGKCICSAEEWYISGEFCD	404	449	Neither
O95965	I-EGF	CDDRDCDKHDGLICTGNGICSCGNCECWDGWNGNACE	450	486	Neither
O95967	EGF-like 2; calcium-binding	DVDECAQALHDCRPSQDCHNLPGSYQCTCPDGYRKIGPECV	123	163	Neither
O95967	EGF-like 5; calcium-binding	DIDECSYSSYLCQYRCINEPGRFSCHCPQGYQLLATRLCQ	243	282	Neither
O95970	LRRCT	NSFNCDCKLKWLVEWLGHTNATVEDIYCEGPPEYKKRKINSLSSKDFDCII	173	223	Neither
O95980	Kazal-like	TFTGLPCNCADQFVPVCGQNGRTYPSACIARCVGLQDHQFEFGSCMS	627	673	Neither
O95980	Kazal-like	FCRATEPVCGHNGETYSSVCAAYSDRVAVDYYGDCQA	753	789	Neither
P00739	Sushi	FPKPPEIANGYVEHLFRYQCKNYYRLRTEGDGVYTLNDKKQWINKAVGDKLPEC	34	87	Neither
P00740	EGF-like	LDVTCNIKNGRCEQFCKNSADNKVVCSCTEGYRLAENQKSCE	130	171	Neither
P00742	EGF-like	TRKLCSLDNGDCDQFCHEEQNSVVCSCARGYTLADNGKACI	125	165	Neither
P00995	Kazal-like	LGREAKCYNELNGCTKIYDPVCGTDGNTYPNECVLCFENRKRQTSILIQKSGPC	26	79	Neither
P02585	EF-hand	KSEEELAECFRIFDRNADGYIDPEELAEIFRASGEH	91	126	Neither
P02760	BPTI/Kunitz inhibitor	CNLPIVRGPCRAFIQLWAFDAVKGKCVLFPYGGCQGNGNKFYSEKECREYC	287	337	Neither
P03973	WAP	TRRKPGKCPVTYGQCLMLNPPNFCEMDGQCKRDLKCCMGMCGKSCVSPV	82	130	Neither
P04070	EGF-like	SFLNCSLDNGGCTHYCLEEVGWRRCSCAPGYKLGDDLLQCH	136	176	Neither
P04271	EF-hand	KEQEVVDKVMETLDNDGDGECDFQEFMAFVAMVTTA	49	84	Neither
P05106	I-EGF	CDDFSCVRYKGEMCSGHGQCSCGDCLCDSDWTGYYCN	549	585	Neither
P05106	I-EGF	CTTRTDTCMSSNGLLCSGRGKCECGSCVCIQPGSYGDTCE	586	625	Neither
P05107	I-EGF	CRDQSRDRSLCHGKGFLECGICRCDTGYIGKNCE	449	482	Neither
P05107	I-EGF	CERTTEGCLNPRRVECSGRGRCRCNVCECHSGYQLPLCQ	575	613	Neither
P05109	EF-hand	IIDVYHKYSLIKGNFHAVYRDDLKKLLETECPQYIR	12	47	Neither
P05156	Kazal-like	IEGTCVCKLPYQCPKNGTAVCATNRRSFPTYCQQKSLECLHPGTKFLNNGTCTA	55	108	Neither
P05156	LDL-receptor class A	VCYTQKADSPMDDFFQCVNGKYISQMKACDGINDCGDQSDELCCK	213	257	Neither
P05160	Sushi	KKCTKPDLSNGYISDVKLLYKIQENMRYGCASGYKTTGGKDEEVVQCLSDGWSSQPTCRK	89	148	Neither
P05160	Sushi	LKCSSLRLIENGYFHPVKQTYEEGDVVQFFCHENYYLSGSDLIQCYNFGWYPESPVCEG	211	269	Neither
P05556	I-EGF	CDNFNCDRSNGLICGGNGVCKCRVCECNPNYTGSACD	555	591	Neither
P05556	I-EGF	CSLDTSTCEASNGQICNGRGICECGVCKCTDPKFQGQTCE	592	631	Neither
P05937	EF-hand	ITASQFFEIWLHFDADGSGYLEGKELQNLIQELQQA	11	46	Neither
P05937	EF-hand	KSCEEFMKTWRKYDTDHSGFIETEELKNFLKDLLEK	98	133	Neither
P05937	EF-hand	MCGKEFNKAFELYDQDGNGYIDENELDALLKDLCEK	186	221	Neither
P05976	EF-hand	EQQDEFKEAFLLFDRTGDSKITLSQVGDVLRALGTN	50	85	Neither
P05976	EF-hand	ATYEDFVEGLRVFDKEGNGTVMGAELRHVLATLGEK	127	162	Neither
P06702	EF-hand	IETIINTFHQYSVKLGHPDTLNQGEFKELVRKDLQN	12	47	Neither
P06702	EF-hand	KNEKVIEHIMEDLDTNADKQLSFEEFIMLMARLTWA	54	89	Neither
P06703	EF-hand	LQDAEIARLMEDLDRNKDQEVNFQEYVTFLGALALI	48	83	Neither
P07225	EGF-like 4; calcium-binding	DIDECSENMCAQLCVNYPGGYTCYCDGKKGFKLAQDQKSCE	243	283	Neither
P07384	EF-hand	EEIDENFKALFRQLAGEDMEISVKELRTILNRIISK	541	576	Neither
P07384	EF-hand	NRIRNYLSIFRKFDLDKSGSMSAYEMRMAIESAGFK	615	650	Neither
P07911	EGF-like	EARWCSECHSNATCTEDEAVTTCTCQEGFTGDGLTCV	28	64	Neither
P07948	SH	EQGDIVVALYPYDGIHPDDLSFKKGEKMKVLEEHGEWWKAKSLLTKKEGFIPSNYVAKLNT	63	123	Neither
P07996	VWFC	PLCYHNGVQYRNNEEWTVDSCTECHCQNSVTICKKVSCPIMPCSNATVPDGECCPRCW	316	373	Neither
P08590	EF-hand	EQIEEFKEAFMLFDRTPKCEMKITYGQCGDVLRALGQN	49	86	Neither
P08590	EF-hand	GTYEDFVEGLRVFDKEGNGTVMGAELRHVLATLGER	128	163	Neither
P08590	EF-hand	RLTEDEVEKLMAGQEDSNGCINYEAFVKHIMSS	163	195	Neither
P08709	EGF-like	DQLICVNENGGCEQYCSDHTGTKRSCRCHEGYSLLADGVSCT	147	188	Neither
P09486	Kazal-like	NTPMCVCQDPTSCPAPIGEFEKVCSNDNKTFDSSCHFFATKCTLEGTKKGHKLHLDYIGPCKY	89	151	Neither
P09486	EF-hand	PMEHCTTRFFETCDLDNDKYIALDEWAGCFGIKQKD	261	296	Neither
P0DP23	EF-hand	EQIAEFKEAFSLFDKDGDGTITTKELGTVMRSLGQN	8	43	Neither
P0DP23	EF-hand	DSEEEIREAFRVFDKDGNGYISAAELRHVMTNLGEK	81	116	Neither
P0DP24	EF-hand	EQIAEFKEAFSLFDKDGDGTITTKELGTVMRSLGQN	8	43	Neither
P0DP24	EF-hand	DSEEEIREAFRVFDKDGNGYISAAELRHVMTNLGEK	81	116	Neither
P0DP25	EF-hand	EQIAEFKEAFSLFDKDGDGTITTKELGTVMRSLGQN	8	43	Neither
P0DP25	EF-hand	DSEEEIREAFRVFDKDGNGYISAAELRHVMTNLGEK	81	116	Neither
P0DPK3	EGF-like	LQCRDGYEPCVNEGMCVTYHNGTGYCKCPEGFLGEYCQ	26	63	Neither
P0DPK4	EGF-like	PPRMCRDGYEPCVNEGMCVTYHNGTGYCKCPEGFLGEYCQ	42	81	Neither
P10916	EF-hand	TQIQEFKEAFTIMDQNRDGFIDKNDLRDTFAALGRV	24	59	Neither
P10916	EF-hand	DPEETILNAFKVFDPEGKGVLKADYVREMLTTQAER	94	129	Neither
P10916	EF-hand	FSKEEVDQMFAAFPPDVTGNLDYKNLVHIITHGEEK	130	165	Neither
P12829	EF-hand	DQIEEFKEAFSLFDRTPTGEMKITYGQCGDVLRALGQN	51	88	Neither
P12829	EF-hand	GTYEDFVEGLRVFDKESNGTVMGAELRHVLATLGEK	130	165	Neither
P12956	SAP	LGKFTVPMLKEACRAYGLKSGLKKQELLEALTKHF	573	607	Neither
P13497	EGF-like 2; calcium-binding	KDECSKDNGGCQQDCVNTFGSYECQCRSGFVLHDNKHDCK	704	743	Neither
P13796	EF-hand	EEMMELREAFAKVDTDGNGYISFNELNDLFKAACLP	9	44	Neither
P13796	EF-hand	RVREITENLMATGDLDQDGRISFDEFIKIFHGLKST	49	84	Neither
P13797	EF-hand	DELDELKEAFAKVDLNSNGFICDYELHELFKEANMP	12	47	Neither
P13797	EF-hand	KVREIIQKLMLDGDRNKDGKISFDEFVYIFQEVKSS	52	87	Neither
P14598	SH3	YAGEPYVAIKAYTAVEGDEVSLLEGEAVEVIHKLLDGWWVIRKDDVTGYFPSMYLQKSGQ	226	285	Neither
P14649	EF-hand	DQLEEFKEAFELFDRVGDGKILYSQCGDVMRALGQN	64	99	Neither
P14649	EF-hand	GTYEDYLEGFRVFDKEGNGKVMGAELRHVLTTLGEK	141	176	Neither
P14854	CHCH	TRNCWQNYLDFHRCQKAMTAKGGDISVCEWYQRVYQSLCPTSWVTDW	27	73	Neither
P16581	EGF-like	TAACTNTSCSGHGECVETINNYTCKCDPGFSGLKCE	140	175	Neither
P18084	I-EGF	CQDGENQSVYQNLCREAEGKPLCSGRGDCSCNQCSCFESEFGKIYGPFCE	500	549	Neither
P18084	I-EGF	CDNFSCARNKGVLCSGHGECHCGECKCHAGYIGDNCN	550	586	Neither
P18084	I-EGF	CSTDISTCRGRDGQICSERGHCLCGQCQCTEPGAFGEMCE	587	626	Neither
P18564	I-EGF	CDNFSCVRHKGLLCGGNGDCDCGECVCRSGWTGEYCN	539	575	Neither
P18564	I-EGF	CTTSTDSCVSEDGVLCSGRGDCVCGKCVCTNPGASGPTCE	576	615	Neither
P19105	EF-hand	DPEDVIRNAFACFDEEATGTIQEDYLRELLTTMGDR	97	132	Neither
P19174	SH	TFKCAVKALFDYKAQREDELTFIKSAIIQNVEKQEGGWWRGDYGGKKQLWFPSNYVEEMVN	791	851	Neither
P19883	Kazal-like	NKPRCVCAPDCSNITWKGPVCGLDGKTYRNECALLKARCKEQPELEVQYQGRCKK	112	166	Neither
P19883	Follistatin-like	TCRDVFCPGSSTCVVDQTNNAYCV	167	190	Neither
P20472	EF-hand	KSADDVKKVFHMLDKDKSGFIEEDELGFILKGFSPD	39	74	Neither
P21128	SMB	KIESCASRCNEKFNRDAACQCDRRCLWHGNCCEDYEHLCTEDH	20	62	Neither
P21128	SMB	APTSCQGRCYEAFDKHHQCHCNARCQEFGNCCKDFESLCSDHEVS	86	130	Neither
P21709	SAM	IPYRTVSEWLESIRMKRYILHFHSAGLDTMECVLELTAEDLTQMGITLPGHQKRILCSIQGFKD	913	976	Neither
P21912	4Fe-4S ferredoxin-type	EREKLDGLYECILCACCSTSCPSYWWNGDKY	176	206	Neither
P21941	EGF-like	VSDLCATGDHDCEQVCISSPGSYTCACHEGFTLNSDGKTCN	223	263	Neither
P22413	SMB	EVKSCKGRCFERTFGNCRCDAACVELGNCCLDYQETCIEPE	104	144	Neither
P22413	SMB	HIWTCNKFRCGEKRLTRSLCACSDDCKDKGDCCINYSSVCQGEKS	145	189	Neither
P22891	EGF-like	AKNECHPERTDGCQHFCLPGQESYTCSCAQGYRLGEDHKQCV	125	166	Neither
P22914	Beta/gamma crystallin 'Greek key'	TKITFYEDKNFQGRRYDCDCDCADFHTYLSRCNSIKVEG	6	44	Neither
P23219	EGF-like	PVNPCCYYPCQHQGICVRFGLDRYQCDCTRTGYSGPNCT	31	69	Neither
P23743	EF-hand	RPEDKLEFTFKLYDTDRNGILDSSEVDKIILQMMRV	110	145	Neither
P24071	Ig-like C2-type	DGSVKIQCQAIREAYLTQLMIIKNSTYREIGRRLKFWNETDPEFVIDHMDANKAGRYQCQYRIGHY	42	107	Neither
P24844	EF-hand	DPEDVIRNAFACFDEEASGFIHEDHLRELLTTMGDR	98	133	Neither
P25791	LIM zinc-binding	CGGCQQNIGDRYFLKAIDQYWHEDCLSCDLCGCRLGEVGRRLYYKLGRKLCRRDYLRLFG	30	89	Neither
P25791	LIM zinc-binding	CASCDKRIRAYEMTMRVKDKVYHLECFKCAACQKHFCVGDRYLLINSDIVCEQDIYEWTK	94	153	Neither
P25800	LIM zinc-binding	CAGCNRKIKDRYLLKALDKYWHEDCLKCACCDCRLGEVGSTLYTKANLILCRRDYLRLFG	24	83	Neither
P25800	LIM zinc-binding	CAACSKLIPAFEMVMRARDNVYHLDCFACQLCNQRFCVGDKFFLKNNMILCQMDYEEGQL	88	147	Neither
P25815	EF-hand	KDKDAVDKLLKDLDANGDAQVDFSEFIVFVAAITSA	49	84	Neither
P26010	PSI	SCQPAPSCQKCILSHPSCAWCKQLNFTASGEAEARRCARREELLARGCP	44	92	Neither
P26010	I-EGF	CDDASCERHEGILCGGFGRCQCGVCHCHANRTGRACE	561	597	Neither
P26447	EF-hand	TDEAAFQKLMSNLDSNRDNEVDFQEYCVFLSCIAMM	50	85	Neither
P27482	EF-hand	EQVTEFKEAFSLFDKDGDGCITTRELGTVMRSLGQN	8	43	Neither
P27482	EF-hand	DNEEEIREAFRVFDKDGNGFVSAAELRHVMTRLGEK	81	116	Neither
P28331	4Fe-4S Mo/W bis-MGD-type	TRKTESIDVMDAVGSNIVVSTRTGEVMRILPRMHEDINEEWISDKTRFAYDGLKRQR	245	301	Neither
P28676	EF-hand	SSAGDSVYTYFSAVAGQDGEVDAEELQRCLTQSGIN	48	83	Neither
P28676	EF-hand	FSLETCRIMIAMLDRDHTGKMGFNAFKELWAALN	89	122	Neither
P29317	SAM	VPFRTVSEWLESIKMQQYTEHFMAAGYTAIEKVVQMTNDDIKRIGVRLPGHQKRIAYSLLGLKDQ	904	968	Neither
P29320	SAM	TTFRTTGDWLNGVWTAHCKEIFTGVEYSSCDTIAKISTDDMKKVGVTVVGPQKKIISSIKALETQ	911	975	Neither
P31689	J	TYYDVLGVKPNATQEELKKAYRKLALKYHPDKNPNEGEKFKQISQAYEVLSDAKKRELYDKGG	6	68	Neither
P31949	EF-hand	CIESLIAVFQKYAGKDGYNYTLSKTEFLSFMNTELAA	13	49	Neither
P33764	EF-hand	IVCTFQEYAGRCGDKYKLCQAELKELLQKELATWTP	12	47	Neither
P33764	EF-hand	FRECDYNKFMSVLDTNKDCEVDFVEYVRSLACLCLY	50	85	Neither
P35243	EF-hand	EEELCSWYQSFLKDCPTGRITQQQFQSIYAKFFPDT	25	60	Neither
P35243	EF-hand	DPKAYAQHVFRSFDSNLDGTLDFKEYVIALHMTTAG	61	96	Neither
P35243	EF-hand	KTNQKLEWAFSLYDVDGNGTISKNEVLEIVMAIFKM	97	132	Neither
P35243	EF-hand	TPEKRAEKIWKYFGKNDDDKLTEKEFIEGTLANKEI	147	182	Neither
P35354	EGF-like	ANPCCSHPCQNRGVCMSVGFDQYKCDCTRTGFYGENCS	18	55	Neither
P35442	VWFC	SACWQDGRFFAENETWVVDSCTTCTCKKFKTICHQITCPPATCASPSFVEGECCPSCL	318	375	Neither
P35442	EGF-like	PENPCKDKTHNCHKHAECIYLGHFSDPMYKCECQTGYAGDGLICG	648	692	Neither
P35590	EGF-like	ACAPGHFGADCRLQCQCQNGGTCDRFSGCVCPSGWHGVHCE	305	345	Neither
P36980	Sushi	PCVISQEIMEKYNIKLKWTNQQKLYSRTGDIVEFVCKSGYHPTKSHSFRAMCQNGKLVYPSCE	206	268	Neither
P37235	EF-hand	GHLTVDEFKKIYANFFPY	41	58	Neither
P37235	EF-hand	DASKFAEHVFRTFDTNGDGTIDFREFIIALSVTSRG	60	95	Neither
P37235	EF-hand	KLEQKLKWAFSMYDLDGNGYISRSEMLEIVQAIYKM	96	131	Neither
P41208	EF-hand	EQKQEIREAFDLFDADGTGTIDVKELKVAMRALGFE	28	63	Neither
P41208	EF-hand	PKKEEIKKMISEIDKEGTGKMNFGDFLTVMTQKMSE	64	99	Neither
P41208	EF-hand	DTKEEILKAFKLFDDDETGKISFKNLKRVAKELGEN	101	136	Neither
P41240	SH	PSGTECIAKYNFHGTAEQDLPFCKGDVLTIVAVTKDPNWYKAKNKVGREGIIPANYVQKREG	9	70	Neither
P43034	LisH	QRDELNRAIADYLRSNGYEEAYSVFKKEAELDV	7	39	Neither
P43631	Ig-like C2-type	EETVILQCWSDVRFEHFLLHREGKYKDTLHLIGEHHDGVSKANFSIGPMMQDLAGTYRCYGSVTHS	42	107	Neither
P45974	UBA	MLDESVIIQLVEMGFPMDACRKAVYYTGNSGAEAAMNWVMSH	654	695	Neither
P45974	UBA	PPPEDCVTTIVSMGFSRDQALKALRATNNSLERAVDWIFSH	722	762	Neither
P46721	Kazal-like	NDIFADCNVDCNCPSKIWDPVCGNNGLSYLSACLAGCETSIGTGINMVFQNCSCIQ	433	488	Neither
P48059	LIM zinc-binding	CHQCGEFIIGRVIKAMNNSWHPECFRCDLCQEVLADIGFVKNAGRHLCRPC	71	121	Neither
P48307	BPTI/Kunitz inhibitor	CLLPLDYGPCRALLLRYYYDRYTQSCRQFLYGGCEGNANNFYTWEACDDAC	36	86	Neither
P48307	BPTI/Kunitz inhibitor	CYSPKDEGLCSANVTRYYFNPRYRTCDAFTYTGCGGNDNNFVSREDCKRAC	158	208	Neither
P48740	EGF-like; calcium-binding	DVDECKEREDEELSCDHYCHNYIGGYYCSCRFGYILHTDNRTCR	139	182	Neither
P50238	LIM zinc-binding	PKCPKCNKEVYFAERVTSLGKDWHRPCLKCEKCGKTLTSGGHAEHEGKPYCNHPCYAAMFGP	2	63	Neither
P51451	SH	EDKHFVVALYDYTAMNDRDLQMLKGEKLQVLKGTGDWWLARSLVTGREGYVPSNFVARVES	58	118	Neither
P51800	CBS	MNHSITTLAKDTPLEEVVKVVTSTDVTEYPLVESTESQILVGIVQRAQLVQALQAEPPS	551	609	Neither
P51801	CBS	MNHSITTLAKDMPLEEVVKVVTSTDVAKYPLVESTESQILVGIVRRAQLVQALKAEPPS	551	609	Neither
P51970	CHCH	KRHCAEPFTEYWTCIDYTGQQLFRHCRKQQAKFDECVLDKLGWV	75	118	Neither
P54108	ShKT	CKYEDLYSNCKSLKLTLTCKHQLVRDSCKASCNC	207	240	Neither
P54619	CBS	IGTYANIAMVRTTTPVYVALGIFVQHRVSALPVVDEKGRVVDIYSKFDVINLAAEKTYNNLDV	198	260	Neither
P54619	CBS	YFEGVLKCYLHETLETIINRLVEAEVHRLVVVDENDVVKGIVSLSDILQALVLTGGEK	272	329	Neither
P54753	SAM	TTFTTVGDWLDAIKMGRYKESFVSAGFASFDLVAQMTAEDLLRIGVTLAGHQKKILSSIQDMRLQ	925	989	Neither
P54760	SAM	SAFGSVGEWLRAIKMGRYEESFAAAGFGSFELVSQISAEDLLRIGVTLAGHQKKILASVQHMKSQ	907	971	Neither
P54762	SAM	TAFTTVDDWLSAIKMVQYRDSFLTAGFTSLQLVTQMTSEDLLRIGITLAGHQKKILNSIHSMRVQ	911	975	Neither
P54764	SAM	SAVVSVGDWLQAIKMDRYKDNFTAAGYTTLEAVVHVNQEDLARIGITAITHQNKILSSVQAMRTQ	911	975	Neither
P55000	UPAR/Ly	KCYTCKEPMTSASCRTITRCKPEDTACMTTLVTVEAEYPFNQSPVVTRSC	24	73	Neither
P55008	EF-hand	SKLEGFKEKYMEFDLNGNGDIDIMSLKRMLEKLGVP	45	80	Neither
P57075	SH	VHYQTLRALFQYKPQNVDELTLSPGDYIFVDPTQQDEASEGWVIGISQRTGCRGFLPENYTDRASE	276	341	Neither
P57727	LDL-receptor class A	DCSGKYRCRSSFKCIELIARCDGVSDCKDGEDEYRCV	72	108	Neither
P59910	J	DYYSVLGITRNSEDAQIKQAYRRLALKHHPLKSNEPSSAEIFRQIAEAYDVLSDPMKRGIYDKFG	4	68	Neither
P60660	EF-hand	DQTAEFKEAFQLFDRTGDGKILYSQCGDVMRALGQN	7	42	Neither
P60660	EF-hand	GTYEDYVEGLRVFDKEGNGTVMGAEIRHVLVTLGEK	84	119	Neither
P61086	UBA	PEYTKKIENLCAMGFDRNAVIVALSSKSWDVETATELLLSN	160	200	Neither
P61601	EF-hand	DASKFAEHVFRTFDANGDGTIDFREFIIALSVTSRG	60	95	Neither
P61601	EF-hand	KLEQKLKWAFSMYDLDGNGYISKAEMLEIVQAIYKM	96	131	Neither
P61968	LIM zinc-binding	CAGCGGKIADRFLLYAMDSYWHSRCLKCSCCQAQLGDIGTSCYTKSGMILCRNDYIRLFGN	23	83	Neither
P62166	EF-hand	EKEVQQWYKGFIKDCPSGQLDAAGFQKIYKQFFPFG	24	59	Neither
P62166	EF-hand	DPTKFATFVFNVFDENKDGRIEFSEFIQALSVTSRG	60	95	Neither
P62166	EF-hand	TLDEKLRWAFKLYDLDNDGYITRNEMLDIVDAIYQM	96	131	Neither
P62701	S4 RNA-binding	LPLIIFLRNRLKYALTGDEVKKICMQRFIKIDGKVRTDITYPAGFMDVISIDKTGENFRLIYD	42	104	Neither
P62760	EF-hand	DASKFAQHAFRTFDKNGDGTIDFREFICALSITSRG	60	95	Neither
P62760	EF-hand	SFEQKLNWAFNMYDLDGDGKITRVEMLEIIEAIYKM	96	131	Neither
P63098	EF-hand	QQNPLVQRVIDIFDTDGNGEVDFKEFIEGVSQFSVK	50	85	Neither
P63098	EF-hand	DKEQKLRFAFRIYDMDKDGYISNGELFQVLKMMVGN	87	122	Neither
P63098	EF-hand	QLQQIVDKTIINADKDGDGRISFEEFCAVVGGLDIH	128	163	Neither
P78357	EGF-like	CTGHCAHPRLPCFHGGRCVERYSYYTCDCDLTAFDGPYCN	957	996	Neither
P78539	Sushi	CSPIKVKYGDVYCRAPQGGYYKTALGTRCDIRCQKGYELHGSSLLICQSNKRWSDKVICKQ	57	117	Neither
P80511	EF-hand	KDKAVIDEIFQGLDANQDEQVDFQEFISLVAIALKA	49	84	Neither
P84074	EF-hand	ELELQEWYKGFLKDCPTGILNVDEFKKIYANFFPYG	24	59	Neither
P84074	EF-hand	DASKFAEHVFRTFDTNSDGTIDFREFIIALSVTSRG	60	95	Neither
P84074	EF-hand	RLEQKLMWAFSMYDLDGNGYISREEMLEIVQAIYKM	96	131	Neither
Q01449	EF-hand	AQIQEFKEAFSCIDQNRDGIICKADLRETYSQLGKV	32	67	Neither
Q02763	EGF-like	RCEAQKWGPECNHLCTACMNNGVCHEDTGECICPPGFMGRTCE	210	252	Neither
Q02763	EGF-like	ACELHTFGRTCKERCSGQEGCKSYVFCLPDPYGCSCATGWKGLQCN	254	299	Neither
Q02763	EGF-like	ACHPGFYGPDCKLRCSCNNGEMCDRFQGCLCSPGWQGLQCE	301	341	Neither
Q06187	SH	SELKKVVALYDYMPMNANDLQLRKGDEYFILEESNLPWWRARDKNGQEGYIPSNYVTEAED	214	274	Neither
Q12798	EF-hand	DQKQEVREAFDLFDVDGSGTIDAKELKVAMRALGFE	28	63	Neither
Q12798	EF-hand	DTKEEILKAFRLFDDDETGKISFKNLKRVANELGEN	101	136	Neither
Q12841	EF-hand	LRGLCVDALIELSDENADWKLSFQEFLKCLNPSFNP	193	228	Neither
Q13641	LRRCT	GLPHIRVFLDNNPWVCDCHMADMVTWLKETEVVQGKDRLTCAYPEKMRNRVLLELNSADLDCDP	283	346	Neither
Q13822	SMB	ISGSCKGRCFELQEAGPPDCRCDNLCKSYTSCCHDFDELCLKTA	55	98	Neither
Q13822	SMB	RGWECTKDRCGEVRNEENACHCSEDCLARGDCCTNYQVVCKGESH	99	143	Neither
Q14651	EF-hand	KVREIVEKILSVADSNKDGKISFEEFVSLMQELKSK	51	86	Neither
Q14954	Ig-like C2-type	EETVILQCWSDVMFEHFLLHREGMFNDTLRLIGEHHDGVSKANFSISRMKQDLAGTYRCYGSVTHS	42	107	Neither
Q15063	EMI	GPNVCALQQILGTKKKYFSTCKNWYKKSICGQKTTVLYECCPGYMRMEGMKGCPA	40	94	Neither
Q15375	SAM	TTFCSVGEWLQAIKMERYKDNFTAAGYNSLESVARMTIEDVMSLGITLVGHQKKIMSSIQTMRAQ	923	987	Neither
Q15582	EMI	GPNVCAVQKVIGTNRKYFTNCKQWYQRKICGKSTVISYECCPGYEKVPGEKGCPA	45	99	Neither
Q2TAY7	CTLH	TVDSIESFVADINSGHWDTVLQAIQSLKLPDKTLIDLYEQVVLELIELRELGA	40	92	Neither
Q2TBA0	BTB	LDCVVRAGEREFPCHRLVLAACSPYFRARFLAEPERAGELHLEEVSPDVVAQVLHYLYTSEIALDE	33	98	Neither
Q2VPA4	Sushi	KSCDDFLGQLPNGHVLFPLNLQLGAKVDFVCDEGFQLKGSSASYCVLAGMESLWNSSVPVCER	348	410	Neither
Q53H47	Pre-SET	PGCICVKTPCLPGTCSCLRHGENYDDNSCLRDIGSGGKYAEPVFECNVLCRCSDHCRNRVVQKG	73	136	Neither
Q5JVL4	EF-hand	SCKDNIREAFQIYDKEASGYVDRDMFFKICESLNVP	574	609	Neither
Q5TD97	LIM zinc-binding	NYCEECKKPIESDSKDLCYKDRHWHEGCFKCTKCNHSLVEKPFAAKDERLLCTECYSNECSS	39	100	Neither
Q5TD97	LIM zinc-binding	KCFHCKRTIMPGSRKMEFKGNYWHETCFVCENCRQPIGTKPLISKESGNYCVPCFEKEFA	101	160	Neither
Q5TD97	LIM zinc-binding	HYCNFCKKVITSGGITFCDQLWHKECFLCSGCRKDLCEEQFMSRDDYPFCVDCYNHLYAN	161	220	Neither
Q5TD97	LIM zinc-binding	VACSKPISGLTGAKFICFQDSQWHSECFNCGKCSVSLVGKGFLTQNKEIFCQKCGSGMDTD	223	283	Neither
Q5VV63	EGF-like	SINSCPNNCSGHGKCTTSVSVPSQVYCECDKYWKGEACD	207	245	Neither
Q5VV63	PSI	RCYRYADCASCTANTNGCQWCDDKKCISANSNCSMSVKNYTKCH	666	709	Neither
Q5VV63	PSI	ICNKLTSCKSCSLNLNCQWDQRQQECQALPAHLCGEGWSHIGDACL	715	760	Neither
Q5VV63	PSI	PCSLRTSCSNCTSNGMECMWCSSTKRCVDSNAYIISFPYGQCLEWQTATCS	889	939	Neither
Q5VV63	Laminin EGF-like	CQCNGHSTCINNNVCEQCKNLTTGKQCQDCMPGYYGDPTNGGQCTA	1014	1059	Neither
Q5VV63	Laminin EGF-like	CTCSGHANICHLHTGKCFCTTKGIKGDQCQLCDSENRYVGNPLRGTCYY	1060	1108	Neither
Q5W0Z9	DHHC	RYCEKCQLIKPDRAHHCSACDSCILKMDHHCPWVNNCVGFSNYKFFLLFLL	126	176	Neither
Q5XUX0	F-box	RCSLLELPPELLVEIFASLPGTDLPSLAQVCTKFRRILHTDTIWRRR	64	110	Neither
Q6NUK1	EF-hand	EQPTRYETLFQALDRNGDGVVDIGELQEGLRNLGIP	19	54	Neither
Q6PH85	UBA-like	QKDKVRQFMACTQAGERTAIYCLTQNEWRLDEATDSFF	8	45	Neither
Q7L5N7	EF-hand	NTEEIIQVAFKLFDVDEDGYITEEEFSTILQASLGV	428	463	Neither
Q7Z3S9	EGF-like	MCVTYHNGTGYCKCPEGFLGEYCQ	1	24	Neither
Q7Z3V4	IQ	RERAAVVIQAHVRSFLCRSRLQRDIRREID	29	58	Neither
Q7Z4I7	LIM zinc-binding	AVCQRCQARFSPAERIVNSNGELYHEHCFVCAQCFRPFPEGLFYEFEGRKYCEHDFQMLFAP	13	74	Neither
Q7Z4I7	LIM zinc-binding	CGSCGEFIIGRVIKAMNNNWHPGCFRCELCDVELADLGFVKNAGRHLCRPCHNREKAK	76	133	Neither
Q7Z4I7	LIM zinc-binding	PICGACRRPIEGRVVNALGKQWHVEHFVCAKCEKPFLGHRHYEKKGLAYCETHYNQLFGD	196	255	Neither
Q7Z4I7	LIM zinc-binding	VCYNCSHVIEGDVVSALNKAWCVSCFSCSTCNSKLTLKNKFVEFDMKPVCKRCYEKFPLE	256	315	Neither
Q86SG5	EF-hand	KGIHYLATVFEKKDKNEDKKIDFSEFLSLLGDIAAD	50	85	Neither
Q86TJ2	SANT	EAEGGWTSREEQLLLDAIEQFGFGNWEDMAAHVGASRTPQEVMEHYVSMYIHGN	65	118	Neither
Q86XK2	F-box	QYLQEKLPDEVVLKIFSYLLEQDLCRAACVCKRFSELANDPILWKRL	153	199	Neither
Q8IVI9	SH	LSSRLCKALYSFQARQDDELNLEKGDIVIIHEKKEGGWWFGSLNGKKGHFPAAYVEELPS	438	497	Neither
Q8IVQ6	DHHC	ELCNKCNLMRPKRSHHCSRCGHCVRRMDHHCPWINNCVGEDNHWLFLQLCF	90	140	Neither
Q8IXB1	J	DFYSLLGVSKTASSREIRQAFKKLALKLHPDKNPNNPNAHGDFLKINRAYEVLKDEDLRKKYDKYG	35	100	Neither
Q8IXI2	EF-hand	ACIKALTRIFKISDQDNDGTLNDAELNFFQRICFNT	184	219	Neither
Q8N1E6	F-box	ETHISCLFPELLAMIFGYLDVRDKGRAAQVCTAWRDAAYHKSVWRGV	2	48	Neither
Q8N3E9	EF-hand	MNDMYAYLLFKECDHSNNDRLEGAEIEEFLRRLLKR	218	253	Neither
Q8N807	Thioredoxin	LVKQLVGKNFNVVVFDKEKDVFVMFYAPWSKKCKMLFPLLEELGRKYQNHSTIIIAKIDVTAND	388	451	Neither
Q8NDN9	BTB	ENAFSLFSAAVRYDAEDLEEFCFKFCINHL	470	499	Neither
Q8NF37	EF-hand	VAELTVTDLFRAIDQEEKGKITFADFHRFAEMYPAF	451	486	Neither
Q8TAP4	LIM zinc-binding	KGCAGCNRKIKDRYLLKALDKYWHEDCLKCACCDCRLGEVGSTLYTKANLILCRRDYLRLFGV	11	73	Neither
Q8TAP4	LIM zinc-binding	GNCAACSKLIPAFEMVMRAKDNVYHLDCFACQLCNQRFCVGDKFFLKNNMILCQTDYEEGLMK	75	137	Neither
Q8WTX7	ACT	GELWRMVRIGGQPLGFDECGIVAQIAGPLAAADISAYYISTFNFDHALVPEDGIGSVIEVLQ	260	321	Neither
Q8WXH4	SOCS box	SVEQALLLREGPPALSQLCRLCVRKCLGRACHQAIHKLHLPEPLERFLLYQ	273	323	Neither
Q92882	SH	GQVKVFRALYTFEPRTPDELYFEEGDIIYITDMSDTNWWKGTSKGRTGLIPSNYVAEQAE	12	71	Neither
Q969Q1	COS	LDEPGGATFLLTAKQLIKSIVEASKGCQLGKTEQGFENMDFFTLDLEHIADALRAIDFG	267	325	Neither
Q969Q6	EF-hand	KEPAALQYIFKLLDIENKGYLNVFSLNYFFRAIQEL	341	376	Neither
Q96A32	EF-hand	TQIQEFKEAFTVIDQNRDGIIDKEDLRDTFAAMGRL	25	60	Neither
Q96A32	EF-hand	FSQEEIKNMWAAFPPDVGGNVDYKNICYVITHGDAK	131	166	Neither
Q96BS2	EF-hand	SRKEKLRFLFHMYDSDSDGRITLEEYRNVVEELLSG	110	145	Neither
Q96CW9	Laminin EGF-like	CECYGHSNRCSYIDFLNVVTCVSCKHNTRGQHCQHCRLGYYRNGSAELDDENVCIE	353	408	Neither
Q96CW9	Laminin EGF-like	CNCNQIGSVHDRCNETGFCECREGAAGPKCDDCLPTHYWRQGCYP	409	453	Neither
Q96D15	EF-hand	ESQARLGRIVDRMDRAGDGDGWVSLAELRAWIAHTQQR	75	112	Neither
Q96D15	EF-hand	MRDIVIAETLEDLDRNKDGYVQVEEYIADLYSAEPG	200	235	Neither
Q96FQ6	EF-hand	GNRKAADKLIQNLDANHDGRISFDEYWTLIGGITGP	54	89	Neither
Q96GG9	UBA-like	QKDKVRQFMIFTQSSEKTAVSCLSQNDWKLDVATDNFF	8	45	Neither
Q96GR4	DHHC	RRCRYCLVLQPLRARHCRECRRCVRRYDHHCPWMENCVGERNHPLFVVYLA	97	147	Neither
Q96IV0	PUB	EASKLLLTYADNILRNPNDEKYRSIRIGNTAFSTRLLPVRGAVECLFEMGFEEGETHLIFPK	30	91	Neither
Q96LZ3	EF-hand	DEEQKLRFAFSIYDMDKDGYISNGELFQVLKMMVGN	87	122	Neither
Q96LZ3	EF-hand	QLQQLVDKTIIILDKDGDGKISFEEFSAVVRDLEIH	128	163	Neither
Q96MV8	DHHC	RFCDRCHLIKPDRCHHCSVCAMCVLKMDHHCPWVNNCIGFSNYKFFLQFLA	129	179	Neither
Q96PH1	EF-hand	RWLRWVTQQFKTIAGEDGEISLQEFKAALHV	26	56	Neither
Q96PH1	EF-hand	KESFFAERFFALFDSDRSGTITLQELQEALTLLIHG	57	92	Neither
Q96Q77	EF-hand	PRDLKAYYAFKIYDFNNDDYICAWDLEQTVTKLTRG	103	138	Neither
Q99435	VWFC	RTCTMKGTTYREFESWIDGCKNCTCLNGTIQCETLICPNPDCPLKSALAYVDGKCCKECK	272	331	Neither
Q99435	EGF-like 2; calcium-binding	DIDECAEGRHYCRENTMCVNTPGSFMCICKTGYIRIDDYSCT	440	481	Neither
Q99435	EGF-like 3; calcium-binding	EHDECITNQHNCDENALCFNTVGGHNCVCKPGYTGNGTTCK	482	522	Neither
Q99435	VWFC	GDCIHDGKVKHNGQIWVLENDRCSVCSCQNGFVMCRRMVCDCENPTVDLFCCPECD	638	693	Neither
Q99435	VWFC	SQCLHQNGETLYNSGDTWVQNCQQCRCLQGEVDCWPLPCPDVECEFSILPENECCPRCV	698	756	Neither
Q99543	SANT	NGSKNWSEDDLQLLIKAVNLFPAGTNSRWEVIANYMNIHSSSGVKRTAKDVIGKAKSLQKLDP	449	511	Neither
Q99543	SANT	TDFTPWTTEEQKLLEQALKTYPVNTPERWEKIAEAVPGRTKKDCMKRYKELVEMVK	549	604	Neither
Q99653	EF-hand	IINAFFPEGEDQVNFRGFMRTLAHFRPIEDNEKSKD	66	101	Neither
Q99965	EGF-like	LGYDCTTDKCNDRGVCNNKKHCHCSASYLPPDCS	612	645	Neither
Q9BQ87	LisH	TSDEVNFLVYRYLQESGFSHSAFTFGIESHISQ	4	36	Neither
Q9BQ87	F-box-like	GTLVPPSALISILQKGLQYVEAEISINKDGTVFDSRPIESLSLIVA	41	86	Neither
Q9BRC7	EF-hand	MDQEYAFSLFQAADTSQSGTLEGEEFVQFYKALTKR	170	205	Neither
Q9BRC7	EF-hand	AEVQELFESFSADGQKLTLLEFLDFLQEEQKE	206	237	Neither
Q9BZK7	LisH	SSDEVNFLVYRYLQESGFSHSAFTFGIESHISQ	4	36	Neither
Q9BZX4	RIIa	PELPKMLKEFAKAAIRAQPQDLIQWGADYFEALSRGET	12	49	Neither
Q9H069	LRRCT	NPISEAEDYKMFICAYLPDLMYLDYRRIDDHTKKLAEAK	166	204	Neither
Q9H5I1	Chromo	YEVEYLCDYKVVKDMEYYLVKWKGWPDSTNTWEPLQNLKCPLLLQQFSNDKHNYLSQVK	47	105	Neither
Q9H5I1	Pre-SET	FGCSCTDCFFQKCCPAEAGVLLAYNKNQQIKIPPGTPIYECNSRCQCGPDCPNRIVQKG	189	247	Neither
Q9H5I1	Post-SET	VRTVCKCGAVTCRGYLN	394	410	Neither
Q9H5U6	DHHC	ELCNSCTSKDGRKWNHCFLCKKCVKPSWIHCSICNHCAVPDHSCEGPKHGCFI	395	447	Neither
Q9H672	SOCS box	LDFLQEVTRQPRNLQDLCRIKIRQCIGLQNLKLLDELPIAKVMKDYLKHKFDDI	265	318	Neither
Q9H6R6	DHHC	QYCKVCQAYKAPRSHHCRKCNRCVMKMDHHCPWINNCCGYQNHASFTLFLL	99	149	Neither
Q9H7Z6	Tudor-knot	VEIGETYLCRRPDSTWHSAEVIQSRVNDQEGREEFYVHYVGFNRRLDEWVDKNRLA	55	110	Neither
Q9HAE3	EF-hand	SLEEKMKYCFEVFDLNGDGFISKEEMFHMLKNSLLK	100	135	Neither
Q9HAP6	L	LERDVSRAVELLERLQRSGELPPQKLQALQRVLQSRFCSAIREVYEQLYDTLDITG	10	65	Neither
Q9HAT0	RIIa	PELPKMLKEFAKAAIRVQPQDLIQWAADYFEALSRGET	12	49	Neither
Q9HBW9	EGF-like	QNCTKTPCLPNAKCEIRNGIEACYCNMGFSGNGVTICE	20	57	Neither
Q9NRD9	EF-hand	SPEEKSRLMFRMYDFDGNGLISKDEFIRMLRSFIEI	851	886	Neither
Q9NUP9	L	LERDICRAIELLEKLQRSGEVPPQKLQALQRVLQSEFCNAVREVYEHVYETVDISS	10	65	Neither
Q9NWU2	CTLH	TLDERIKIREMILKGQIQEAIALINSLHPELLDTNRYLYFHLQQQHLIELIRQRETEA	63	120	Neither
Q9NX63	CHCH	HPVCADLQAKILQCYRENTHQTLKCSALATQYMHCVNHAKQSM	180	222	Neither
Q9NXF8	DHHC	YKCPKCCCIKPERAHHCSICKRCIRKMDHHCPWVNNCVGEKNQRFFVLFTM	130	180	Neither
Q9NYG2	DHHC	YKCPKCCSIKPDRAHHCSVCKRCIRKMDHHCPWVNNCVGENNQKYFVLFTM	127	177	Neither
Q9NZT1	EF-hand	LSEAQLRKLISEVDSDGDGEISFQEFLTAAK	44	74	Neither
Q9P2R3	BTB	SDLKIKVGDRHISAHKFVLAARSDSWSLANLSSTKELDLSDANPEVTMTMLRWIYTDELEFRE	68	130	Neither
Q9UBS4	J	DFYKILGVPRSASIKDIKKAYRKLALQLHPDRNPDDPQAQEKFQDLGAAYEVLSDSEKRKQYDTYG	25	90	Neither
Q9UBS5	Sushi	RICSKSYLTLENGKVFLTGGDLPALDGARVDFRCDPDFHLVGSSRSICSQGQWSTPKPHCQV	98	159	Neither
Q9UBX5	EGF-like 3; calcium-binding	DIDECRYGYCQQLCANVPGSYSCTCNPGFTLNEDGRSCQ	168	206	Neither
Q9UGI8	LIM zinc-binding	YSCYCCKLSMKEGDPAIYAERAGYDKLWHPACFVCSTCHELLVDMIYFWKNEKLYCGRHYCDSE	234	297	Neither
Q9UGI8	LIM zinc-binding	PRCAGCDELIFSNEYTQAENQNWHLKHFCCFDCDSILAGEIYVMVNDKPVCKPCYVKNHAV	299	359	Neither
Q9UGT4	SMB	QESCSMRCGALDGPCSCHPTCSGLGTCCLDFRDFCLEIL	28	66	Neither
Q9UHC6	EGF-like	IIDRCVPNHCEHGGKCSQTWDSFKCTCDETGYSGATCH	554	591	Neither
Q9UHC6	EGF-like	CSGHCTSYGTNCENGGKCLERYHGYSCDCSNTAYDGTFCN	963	1002	Neither
Q9UIJ5	DHHC	RYCDRCQLIKPDRCHHCSVCDKCILKMDHHCPWVNNCVGFSNYKFFLLFLA	127	177	Neither
Q9UJS0	EF-hand	APDALFMVAFQLFDKAGKGEVTFEDVKQVFGQTTIH	87	122	Neither
Q9UKA2	F-box	NGYFDKLPYELIQLILNHLTLPDLCRLAQTCKLLSQHCCDPLQYIHLNLQPYWAKL	277	332	Neither
Q9UKB1	F-box	DHIAENILSYLDARSLCAAELVCKEWQRVISEGMLWKKL	129	167	Neither
Q9UL63	LisH	REQEAIRLCLKHFRQHNYTEAFESLQKKTKIAL	172	204	Neither
Q9ULL4	PSI	ACPQFPDCASCLQAQDPLCGWCVLQGRCTRKGQCGRAGQLNQWLWSYEEDSHCL	473	526	Neither
Q9UM19	EF-hand	EQELKQWYKGFLKDCPSGILNLEEFQQLYIKFFPYG	24	59	Neither
Q9UM19	EF-hand	DASKFAQHAFRTFDKNGDGTIDFREFICALSVTSRG	60	95	Neither
Q9UM19	EF-hand	SFEQKLNWAFEMYDLDGDGRITRLEMLEIIEAIYKM	96	131	Neither
Q9UMQ6	EF-hand	KKLKKWMDIFRECDQDHSGTLNSYEMRLVIEKAGIK	640	675	Neither
Q9UQP3	EGF-like	YPACPENCSGHGECVRGVCQCHEDFMSEDCS	199	229	Neither
Q9UQP3	EGF-like	EKRCPGDCSGHGFCDTGECYCEEGFTGLDCA	230	260	Neither
Q9Y2I2	Laminin EGF-like	CECFGHSNRCSYIDLLNTVICVSCKHNTRGQHCELCRLGYFRNASAQLDDENVCIE	364	419	Neither
Q9Y2I2	Laminin EGF-like	CYCNPLGSIHDRCNGSGFCECKTGTTGPKCDECLPGNSWHYGCQPNVCDN	420	469	Neither
Q9Y3Z3	SAM	WGPEQVCSFLRRGGFEEPVLLKNIRENEITGALLPCLDESRFENLGVSSLGERKKLLSYIQRLVQI	45	110	Neither
Q9Y6A1	MIR	SDTDVWKTILSEVRFVHVNTSAVLKLSGAHLPDWGYRQLEIVGEKLSRGYHGSTVWNVEEH	453	513	Neither
Q9Y6L6	Kazal-like	DVPLSYCNSDCNCDESQWEPVCGNNGITYISPCLAGCKSSSGNKKPIVFYNCSCLE	453	508	Neither
A0PJX0	EF-hand	CPSLKIEYAFRIYDFNENGFIDEEDLQRIILRLLNS	97	132	Neither
A6NHC0	EF-hand	FNINTCREMISLLDSNGTGTLGAVEFKTLWLKIQKY	575	610	Neither
A8K855	EF-hand	TSKAELLKSFKQLDVNDDGCILHTDLYKFLTKRGEK	102	137	Neither
A8K855	EF-hand	MTREEVNAIINLADVNADGKFDYIKFCKLYMTTNEQ	138	173	Neither
G3V0H7	Kazal-like	DVPLSYCNSECNCDESQWEPVCGNNGITYLSPCLAGCKSSSGNKEPIVFYNCSCVE	406	461	Neither
O75953	J	DYYKILGIPSGANEDEIKKAYRKMALKYHPDKNKEPNAEEKFKEIAEAYDVLSDPKKRGLYDQYG	4	68	Neither
P0CE72	EF-hand	MSANQVKDVFRFIDNDQSGYLDEEELKFFLQKFESG	39	74	Neither
P22090	S4 RNA-binding	LPLIVFLRNRLKYALTGDEVKKICMQRFIKIDGKVRVDVTYPAGFMDVISIEKTGEHFRLVYD	42	104	Neither
P56277	CHCH	KDPCQKQACEIQKCLQANSYMESKCQAVIQELRKCCAQYPKGR	4	46	Neither
P82675	S5 DRBM	FDTRILEVRNVFTMTAKEGRKKSIRVLVAVGNGKGAAGFSIGKATDRMDAFRKAKNRAVHHLHYI	218	282	Neither
Q02045	EF-hand	TQIQEFKEAFTLMDQNRDGFIDKEDLKDTYASLGKT	30	65	Neither
Q02045	EF-hand	DAEETILNAFKMLDPDGKGKINKEYIKRLLMSQADK	100	135	Neither
Q02045	EF-hand	MTAEEVDQMFQFASIDVAGNLDYKALSYVITHGEEK	136	171	Neither
Q14952	Ig-like C2-type	EETVILQCWSDVMFEHFLLHREGTFNDTLRLIGEHIDGVSKANFSIGRMRQDLAGTYRCYGSVPHS	42	107	Neither
Q6MZW2	Kazal-like	KTGEPECQCLEACRPSYVPVCGSDGRFYENHCKLHRAACLLGKRITVIHSKDCFL	81	135	Neither
Q8N475	Kazal-like	GQAECACMDLCKRHYKPVCGSDGEFYENHCEVHRAACLKKQKITIVHNEDCFF	83	135	Neither
Q8N475	EF-hand	RKKLLVDQMFKYFDADSNGLVDINELTQVIKQEELG	175	210	Neither
Q8N475	EF-hand	KDLFDCTLYVLLKYDDFNADKHLALEEFYRAFQVIQ	211	246	Neither
Q9BUY7	EF-hand	SEHRKWVEVFKACDEDHKGYLSREDFKTAVVMLFGY	18	53	Neither
Q9BUY7	EF-hand	LPERTVLEVFREVDRDSDGHVSFRDFEYALNYGQKE	127	162	Neither
Q9BV99	LRRCT	NPLCANPSYWAAVRELLPGLKVIDGERVIGRGSEFYQLCRD	138	178	Neither
Q9H511	BTB	CDLVIGTKTKSFDVHKSVMASCSEYFYNILKKDPSIQRVDLNDISPLGLATVIAYAYTGKLTLSL	73	137	Neither
Q9NU02	EF-hand	EREAFLREAFAVLDRGDGSISKNDFVMVLEERQDY	335	369	Neither
Q9NZQ0	J	DSWDMLGVKPGASRDEVNKAYRKLAVLLHPDKCVAPGSEDAFKAVVNARTALLKNIK	217	273	Neither
Q9NZW5	L27	MQQVLENLTELPSSTGAEEIDLIFLKGIMENPIVKSLAKAHERLEDSK	1	48	Neither
A0A096LNW5	EGF-like	LQCRDGYEPCVNKGMCVTYHSGTGYCKCPEGFLGEYCQ	26	63	Neither
A0A096LNW5	EGF-like	WTDACLSHLCANGSTCTTVANQFSCKCLTGFTGQKCE	144	180	Neither
A1IGU5	SH3	GPGKLYQVTSNISGTGTLDLTLPRGQIVAILQNKDTKGNSGRWLVDTGGHRGYVPAGKLQLYHV	506	569	Neither
A6NC42	KH; atypical	PEVFQVQTRLLKAIFGPDGSRIPYIEQVSKAMLELKALESSDLTEVVVYGSYLYKLRTKWML	23	84	Neither
A8MX76	EF-hand	FSLEACQGILALLDLNASGTMSIQEFRDLWKQLKLS	557	592	Neither
A8MZ26	EF-hand	IQKQELKDLFRDFDITGDNRLNYQEFKLYTIIYTDK	136	171	Neither
O00634	Laminin EGF-like	CKCNGHASRCLLDTQGHLICDCRHGTEGPDCGRCKPFYCDRPWQRATARESHAC	255	308	Neither
O00634	Laminin EGF-like	CSCNGHARRCRFNMELYRLSGRRSGGVCLNCRHNTAGRHCHYCREGFYRDPGRALSDRRAC	311	371	Neither
P11844	Beta/gamma crystallin 'Greek key'	GKITFYEDRDFQGRCYNCISDCPNLRVYFSRCNSIRVDS	2	40	Neither
P63120	G-patch	YSPTSQKIMTKMGYILGKGLGKNEDGIKIPVEAKINQKREGIGYPF	111	156	Neither
Q075Z2	Fibronectin type-II	VTDGECVFPFHYKNGTYYDCIKSKARHKWCSLNKTYEGYWKFCSA	40	84	Neither
Q075Z2	Fibronectin type-II	EDFANCVFPFWYRRLIYWECTDDGEAFGKKWCSLTKNFNKDRIWKYCE	85	132	Neither
Q6MZZ7	EF-hand	FSLDECRSLVALMELKVNGRLDQEEFARLWKRLVHY	538	573	Neither
Q6UWN8	Kazal-like	QGGQVDCGEFQDPKVYCTRESNPHCGSDGQTYGNKCAFCKAIVKSGGKISLKHPGKC	24	80	Neither
Q6ZSI9	EF-hand	GYLLEWQAIFNKFDEDTSGTMNSYELRLALNAAGFH	620	655	Neither
Q7Z7K0	CHCH	KERCSEQVQDFTKCCKNSGVLMVVKCRKENSALKECLTAYYNDP	28	71	Neither
Q8IUA0	WAP	IKHKPGLCPKERLTCTTELPDSCNTDFDCKEYQKCCFFACQKKCMDPF	44	91	Neither
Q8IUB3	WAP	RMQRIKVCEKRPSIDLCIHHCSYFQKCETNKICCSAFCGNICMSIL	28	73	Neither
Q8IVN8	SMB	EAGRCCPGRDPACFARGWRLDRVYGTCFCDQACRFTGDCCFDYDRACPARPC	24	75	Neither
Q8WYK1	EGF-like	IKDRCLPNYCEHGGSCSQSWTTFYCNCSDTSYTGATCH	546	583	Neither
Q96CD0	F-box	AEPGEGLPEEVLALIFRHLSLRDRAAAARVCRAWAAAATCSAVWHDT	2	48	Neither
Q96E66	LRRCT	NPMEEEKGYRQYVLCTLSRITTFDFSGVTKADRTTAEVW	137	175	Neither
Q9NRP2	CHCH	TEECNVLINLLKECHKNHNILKFFGYCNDVDRELRKCLKNEYVEN	11	55	Neither
Q9NVM6	J	DLYALLGIEEKAADKEVKKAYRQKALSCHPDKNPDNPRAAELFHQLSQALEVLTDAAARAAYDKVR	11	76	Neither
Q9Y2F9	BACK	FEEPDLTQRCWEVIDAQAELALKSEGFCDIDFQTLESILRRETLNAKEIVVFEAALNWAEVECQRQ	235	300	Neither
P0C7L1	Kazal-like	DKTIVECLKNVNKCWFLSYIKPSEPICGSDQVTYSSDCHLCSKILFEGLNITKLYDGQCEN	36	96	Neither
P0C7M6	IQ	QEQATVKLQSCIRMWQCRQCYRQMCNALCL	89	118	Neither
P0CE71	EF-hand	MSASQVKDVFRFIDNDQSGYLDEEELKFFLQKFESG	39	74	Neither
P49223	BPTI/Kunitz inhibitor	CAFPMEKGPCQTYMTRWFFNFETGECELFAYGGCGGNSNNFLRKEKCEKFC	36	86	Neither
Q6IE38	Kazal-like	GIIKVKCPYEKVNLSWYNGTVNPCPGLYQPICGTNFITYDNPCILCVESLKSHGRIRFYHDGKC	34	97	Neither
Q8NEA4	F-box	FDFLERLSDDLLLTIISYLDLEDIARLCQTSHRFAKLCMSDKLWEQI	91	137	Neither
Q8TD47	S4 RNA-binding	LPLIVFLRNRLKYALTGDEVKKICMQHFLKIDGKVRVDITYPAGFIDVISIEKTGEHFRLVYN	42	104	Neither
Q8WWF8	EF-hand	AGIKGLGRVFRIMDDDNNRTLDFKEFMKGLNDYAVV	39	74	Neither
Q8WWF8	EF-hand	ARKEVIMQAFRKLDKTGDGVITIEDLREVYNAKHHP	111	146	Neither
Q8WWF8	EF-hand	SEEQVFRKFLDNFDSPYDKDGLVTPEEFMNYYAGVSAS	154	191	Neither
A6NNX1	RIIa	KEVEWLISGFFREIFLKRPDNILEFAADYFTDPRL	43	77	Neither
